CREATE DATABASE  IF NOT EXISTS `electricity_billing_system` /*!40100 DEFAULT CHARACTER SET utf8mb4 COLLATE utf8mb4_0900_ai_ci */ /*!80016 DEFAULT ENCRYPTION='N' */;
USE `electricity_billing_system`;
-- MySQL dump 10.13  Distrib 8.0.34, for Win64 (x86_64)
--
-- Host: localhost    Database: electricity_billing_system
-- ------------------------------------------------------
-- Server version	8.0.35

/*!40101 SET @OLD_CHARACTER_SET_CLIENT=@@CHARACTER_SET_CLIENT */;
/*!40101 SET @OLD_CHARACTER_SET_RESULTS=@@CHARACTER_SET_RESULTS */;
/*!40101 SET @OLD_COLLATION_CONNECTION=@@COLLATION_CONNECTION */;
/*!50503 SET NAMES utf8 */;
/*!40103 SET @OLD_TIME_ZONE=@@TIME_ZONE */;
/*!40103 SET TIME_ZONE='+00:00' */;
/*!40014 SET @OLD_UNIQUE_CHECKS=@@UNIQUE_CHECKS, UNIQUE_CHECKS=0 */;
/*!40014 SET @OLD_FOREIGN_KEY_CHECKS=@@FOREIGN_KEY_CHECKS, FOREIGN_KEY_CHECKS=0 */;
/*!40101 SET @OLD_SQL_MODE=@@SQL_MODE, SQL_MODE='NO_AUTO_VALUE_ON_ZERO' */;
/*!40111 SET @OLD_SQL_NOTES=@@SQL_NOTES, SQL_NOTES=0 */;

--
-- Table structure for table `bill`
--

DROP TABLE IF EXISTS `bill`;
/*!40101 SET @saved_cs_client     = @@character_set_client */;
/*!50503 SET character_set_client = utf8mb4 */;
CREATE TABLE `bill` (
  `meter_no` varchar(20) DEFAULT NULL,
  `month` varchar(30) DEFAULT NULL,
  `units` varchar(20) DEFAULT NULL,
  `totalbill` varchar(20) DEFAULT NULL,
  `status` varchar(20) DEFAULT NULL
) ENGINE=InnoDB DEFAULT CHARSET=utf8mb4 COLLATE=utf8mb4_0900_ai_ci;
/*!40101 SET character_set_client = @saved_cs_client */;

--
-- Dumping data for table `bill`
--

LOCK TABLES `bill` WRITE;
/*!40000 ALTER TABLE `bill` DISABLE KEYS */;
INSERT INTO `bill` VALUES ('498993','February','200','1950','Not Paid'),('46569','February','500','4650','Paid'),('221923','January','2100','19050','Not Paid'),('831374','January','2500','22650','Paid'),('831374','February','1750','15900','Not Paid'),('990530','January','1500','13650','Not Paid');
/*!40000 ALTER TABLE `bill` ENABLE KEYS */;
UNLOCK TABLES;

--
-- Table structure for table `customer`
--

DROP TABLE IF EXISTS `customer`;
/*!40101 SET @saved_cs_client     = @@character_set_client */;
/*!50503 SET character_set_client = utf8mb4 */;
CREATE TABLE `customer` (
  `name` varchar(30) DEFAULT NULL,
  `meter_no` varchar(20) DEFAULT NULL,
  `address` varchar(50) DEFAULT NULL,
  `city` varchar(30) DEFAULT NULL,
  `state` varchar(30) DEFAULT NULL,
  `email` varchar(50) DEFAULT NULL,
  `phone` varchar(20) DEFAULT NULL
) ENGINE=InnoDB DEFAULT CHARSET=utf8mb4 COLLATE=utf8mb4_0900_ai_ci;
/*!40101 SET character_set_client = @saved_cs_client */;

--
-- Dumping data for table `customer`
--

LOCK TABLES `customer` WRITE;
/*!40000 ALTER TABLE `customer` DISABLE KEYS */;
INSERT INTO `customer` VALUES ('Ninad Katti','498993','Lullas Arcade','Kalyan','Maharashtra','ninad@gmail.com','7856325963'),('Shubhankar Gite','46569','Shubhankar Plot no 2','Badlapur (W)','Maharashtra','shubhgite2496@gmail.com','9865471230'),('Yash Bhangale','221923','Woodland Park','Dombivli','Maharashtra','yashb225@gmail.com','7586425689'),('Yadnesh B','990530','Shree Sagar','Dombivli','Maharashtra','yadneshbh4@gmail.com','7615856861'),('sudarshan','831374','Royal Arcade','Kalyan','Maharashtra','billing@123','7856325412');
/*!40000 ALTER TABLE `customer` ENABLE KEYS */;
UNLOCK TABLES;

--
-- Table structure for table `login`
--

DROP TABLE IF EXISTS `login`;
/*!40101 SET @saved_cs_client     = @@character_set_client */;
/*!50503 SET character_set_client = utf8mb4 */;
CREATE TABLE `login` (
  `meter_no` varchar(20) DEFAULT NULL,
  `username` varchar(20) DEFAULT NULL,
  `name` varchar(30) DEFAULT NULL,
  `password` varchar(20) DEFAULT NULL,
  `user` varchar(20) DEFAULT NULL
) ENGINE=InnoDB DEFAULT CHARSET=utf8mb4 COLLATE=utf8mb4_0900_ai_ci;
/*!40101 SET character_set_client = @saved_cs_client */;

--
-- Dumping data for table `login`
--

LOCK TABLES `login` WRITE;
/*!40000 ALTER TABLE `login` DISABLE KEYS */;
INSERT INTO `login` VALUES ('498993','ninad','Ninad Katti','12345','Customer'),('46569','Shubhankar','Shubhankar Gite','gite@123','Customer'),('221923','','Yash Bhangale','',''),('990530','yadnesh','Yadnesh B','7890','Customer'),('','yadnesh','Yadnesh','1303','Admin'),('831374','sudharshan','sudarshan','qwerty','Customer');
/*!40000 ALTER TABLE `login` ENABLE KEYS */;
UNLOCK TABLES;

--
-- Table structure for table `meter_info`
--

DROP TABLE IF EXISTS `meter_info`;
/*!40101 SET @saved_cs_client     = @@character_set_client */;
/*!50503 SET character_set_client = utf8mb4 */;
CREATE TABLE `meter_info` (
  `meter_no` varchar(20) DEFAULT NULL,
  `meter_location` varchar(20) DEFAULT NULL,
  `meter_type` varchar(20) DEFAULT NULL,
  `phase_code` varchar(20) DEFAULT NULL,
  `bill_type` varchar(20) DEFAULT NULL,
  `days` varchar(20) DEFAULT NULL
) ENGINE=InnoDB DEFAULT CHARSET=utf8mb4 COLLATE=utf8mb4_0900_ai_ci;
/*!40101 SET character_set_client = @saved_cs_client */;

--
-- Dumping data for table `meter_info`
--

LOCK TABLES `meter_info` WRITE;
/*!40000 ALTER TABLE `meter_info` DISABLE KEYS */;
INSERT INTO `meter_info` VALUES ('990530','Inside','Smart Meter','12','Household','30'),('831374','Inside','Electric Meter','12','Household','30');
/*!40000 ALTER TABLE `meter_info` ENABLE KEYS */;
UNLOCK TABLES;

--
-- Table structure for table `tax`
--

DROP TABLE IF EXISTS `tax`;
/*!40101 SET @saved_cs_client     = @@character_set_client */;
/*!50503 SET character_set_client = utf8mb4 */;
CREATE TABLE `tax` (
  `cost_per_unit` varchar(20) DEFAULT NULL,
  `meter_rent` varchar(20) DEFAULT NULL,
  `service_charge` varchar(20) DEFAULT NULL,
  `service_tax` varchar(20) DEFAULT NULL,
  `swacch_bharat_cess` varchar(20) DEFAULT NULL,
  `fixed_tax` varchar(20) DEFAULT NULL
) ENGINE=InnoDB DEFAULT CHARSET=utf8mb4 COLLATE=utf8mb4_0900_ai_ci;
/*!40101 SET character_set_client = @saved_cs_client */;

--
-- Dumping data for table `tax`
--

LOCK TABLES `tax` WRITE;
/*!40000 ALTER TABLE `tax` DISABLE KEYS */;
INSERT INTO `tax` VALUES ('9','47','22','57','6','18');
/*!40000 ALTER TABLE `tax` ENABLE KEYS */;
UNLOCK TABLES;
/*!40103 SET TIME_ZONE=@OLD_TIME_ZONE */;

/*!40101 SET SQL_MODE=@OLD_SQL_MODE */;
/*!40014 SET FOREIGN_KEY_CHECKS=@OLD_FOREIGN_KEY_CHECKS */;
/*!40014 SET UNIQUE_CHECKS=@OLD_UNIQUE_CHECKS */;
/*!40101 SET CHARACTER_SET_CLIENT=@OLD_CHARACTER_SET_CLIENT */;
/*!40101 SET CHARACTER_SET_RESULTS=@OLD_CHARACTER_SET_RESULTS */;
/*!40101 SET COLLATION_CONNECTION=@OLD_COLLATION_CONNECTION */;
/*!40111 SET SQL_NOTES=@OLD_SQL_NOTES */;

-- Dump completed on 2024-03-18 19:23:05
